APSRTC_links,APSRTC_routes
https://www.redbus.in/bus-tickets/hyderabad-to-vijayawada,Hyderabad to Vijayawada
https://www.redbus.in/bus-tickets/vijayawada-to-hyderabad,Vijayawada to Hyderabad
https://www.redbus.in/bus-tickets/kakinada-to-visakhapatnam,Kakinada to Visakhapatnam
https://www.redbus.in/bus-tickets/chittoor-andhra-pradesh-to-bangalore,Chittoor (Andhra Pradesh) to Bangalore
https://www.redbus.in/bus-tickets/bangalore-to-tirupathi,Bangalore to Tirupati
https://www.redbus.in/bus-tickets/tirupathi-to-bangalore,Tirupati to Bangalore
https://www.redbus.in/bus-tickets/kadapa-to-bangalore,Kadapa to Bangalore
https://www.redbus.in/bus-tickets/hyderabad-to-ongole,Hyderabad to Ongole
https://www.redbus.in/bus-tickets/ananthapur-to-bangalore,Anantapur (andhra pradesh) to Bangalore
https://www.redbus.in/bus-tickets/bangalore-to-kadapa,Bangalore to Kadapa
https://www.redbus.in/bus-tickets/ongole-to-hyderabad,Ongole to Hyderabad
https://www.redbus.in/bus-tickets/bangalore-to-chittoor-andhra-pradesh,Bangalore to Chittoor (Andhra Pradesh)
https://www.redbus.in/bus-tickets/bangalore-to-ananthapur,Bangalore to Anantapur (andhra pradesh)
https://www.redbus.in/bus-tickets/visakhapatnam-to-kakinada,Visakhapatnam to Kakinada
https://www.redbus.in/bus-tickets/kadiri-to-bangalore,Kadiri to Bangalore
https://www.redbus.in/bus-tickets/vinukonda-to-hyderabad,Vinukonda to Hyderabad
https://www.redbus.in/bus-tickets/bangalore-to-kadiri,Bangalore to Kadiri
https://www.redbus.in/bus-tickets/hyderabad-to-narsaraopet,Hyderabad to Narasaraopet
https://www.redbus.in/bus-tickets/madanapalli-to-bangalore,Madanapalli to Bangalore
https://www.redbus.in/bus-tickets/narsaraopet-to-hyderabad,Narasaraopet to Hyderabad
https://www.redbus.in/bus-tickets/rajahmundry-to-visakhapatnam,Rajahmundry to Visakhapatnam
https://www.redbus.in/bus-tickets/eluru-to-hyderabad,Eluru to Hyderabad
https://www.redbus.in/bus-tickets/chennai-to-tirupathi,Chennai to Tirupati
https://www.redbus.in/bus-tickets/bangalore-to-madanapalli,Bangalore to Madanapalli
https://www.redbus.in/bus-tickets/guntur-to-hyderabad,Guntur (Andhra Pradesh) to Hyderabad
https://www.redbus.in/bus-tickets/rayachoti-to-bangalore,Rayachoti to Bangalore
https://www.redbus.in/bus-tickets/hyderabad-to-kurnool,Hyderabad to Kurnool
https://www.redbus.in/bus-tickets/tirupathi-to-chennai,Tirupati to Chennai
https://www.redbus.in/bus-tickets/visakhapatnam-to-vijayawada,Visakhapatnam to Vijayawada
https://www.redbus.in/bus-tickets/rajahmundry-to-vijayawada,Rajahmundry to Vijayawada
https://www.redbus.in/bus-tickets/hyderabad-to-guntur,Hyderabad to Guntur (Andhra Pradesh)
https://www.redbus.in/bus-tickets/macherla-to-hyderabad,Macherla (andhra pradesh) to Hyderabad
https://www.redbus.in/bus-tickets/nandyala-to-hyderabad,Nandyal to Hyderabad
https://www.redbus.in/bus-tickets/hyderabad-to-eluru,Hyderabad to Eluru
https://www.redbus.in/bus-tickets/bangalore-to-rayachoti,Bangalore to Rayachoti
https://www.redbus.in/bus-tickets/kurnool-to-hyderabad,Kurnool to Hyderabad
https://www.redbus.in/bus-tickets/hyderabad-to-vinukonda,Hyderabad to Vinukonda
https://www.redbus.in/bus-tickets/vijayawada-to-visakhapatnam,Vijayawada to Visakhapatnam
https://www.redbus.in/bus-tickets/kurnool-to-bangalore,Kurnool to Bangalore
https://www.redbus.in/bus-tickets/rajahmundry-to-hyderabad,Rajahmundry to Hyderabad
https://www.redbus.in/bus-tickets/amalapuram-to-visakhapatnam,Amalapuram to Visakhapatnam
https://www.redbus.in/bus-tickets/kurnool-to-vijayawada,Kurnool to Vijayawada
https://www.redbus.in/bus-tickets/visakhapatnam-to-rajahmundry,Visakhapatnam to Rajahmundry
https://www.redbus.in/bus-tickets/hyderabad-to-macherla,Hyderabad to Macherla (andhra pradesh)
https://www.redbus.in/bus-tickets/nellore-to-bangalore,Nellore to Bangalore
https://www.redbus.in/bus-tickets/tadipatri-to-bangalore,Tadipatri to Bangalore
https://www.redbus.in/bus-tickets/kakinada-to-vijayawada,Kakinada to Vijayawada
https://www.redbus.in/bus-tickets/visakhapatnam-to-amalapuram,Visakhapatnam to Amalapuram
https://www.redbus.in/bus-tickets/hyderabad-to-markapuram,Hyderabad to Markapuram
https://www.redbus.in/bus-tickets/hyderabad-to-nandyala,Hyderabad to Nandyal
