CTU_link,CTC_route
https://www.redbus.in/bus-tickets/delhi-to-chandigarh,Delhi to Chandigarh
https://www.redbus.in/bus-tickets/chandigarh-to-delhi,Chandigarh to Delhi
https://www.redbus.in/bus-tickets/yamuna-nagar-to-chandigarh,Yamuna Nagar to Chandigarh
https://www.redbus.in/bus-tickets/ludhiana-to-chandigarh,Ludhiana to Chandigarh
https://www.redbus.in/bus-tickets/chandigarh-to-yamuna-nagar,Chandigarh to Yamuna Nagar
https://www.redbus.in/bus-tickets/chandigarh-to-hamirpur-himachal-pradesh,Chandigarh to Hamirpur (Himachal Pradesh)
https://www.redbus.in/bus-tickets/chandigarh-to-baijnath,Chandigarh to Baijnath
https://www.redbus.in/bus-tickets/hamirpur-himachal-pradesh-to-chandigarh,Hamirpur (Himachal Pradesh) to Chandigarh
https://www.redbus.in/bus-tickets/chandigarh-to-ludhiana,Chandigarh to Ludhiana
https://www.redbus.in/bus-tickets/chandigarh-to-dehradun,Chandigarh to Dehradun
https://www.redbus.in/bus-tickets/chandigarh-to-sujanpur,Chandigarh to Sujanpur (himachal pradesh)
https://www.redbus.in/bus-tickets/chandigarh-to-vrindavan,Chandigarh to Vrindavan
https://www.redbus.in/bus-tickets/chandigarh-to-pathankot,Chandigarh to Pathankot
https://www.redbus.in/bus-tickets/dehradun-to-chandigarh,Dehradun to Chandigarh
https://www.redbus.in/bus-tickets/chandigarh-to-dharamshala,Chandigarh to Dharamshala (Himachal Pradesh)
https://www.redbus.in/bus-tickets/sujanpur-to-chandigarh,Sujanpur (himachal pradesh) to Chandigarh
https://www.redbus.in/bus-tickets/chandigarh-to-dinanagar-punjab,Chandigarh to Dinanagar (punjab)
https://www.redbus.in/bus-tickets/vrindavan-to-chandigarh,Vrindavan to Chandigarh
https://www.redbus.in/bus-tickets/chandigarh-to-shimla,Chandigarh to Shimla
https://www.redbus.in/bus-tickets/chandigarh-to-talwara,Chandigarh to Talwara
https://www.redbus.in/bus-tickets/dinanagar-punjab-to-chandigarh,Dinanagar (punjab) to Chandigarh
https://www.redbus.in/bus-tickets/chandigarh-to-agra,Chandigarh to Agra
https://www.redbus.in/bus-tickets/rohtak-to-chandigarh,Rohtak to Chandigarh
https://www.redbus.in/bus-tickets/talwara-to-chandigarh,Talwara to Chandigarh
https://www.redbus.in/bus-tickets/dharamshala-to-chandigarh,Dharamshala (Himachal Pradesh) to Chandigarh
https://www.redbus.in/bus-tickets/pathankot-to-chandigarh,Pathankot to Chandigarh
https://www.redbus.in/bus-tickets/baijnath-to-chandigarh,Baijnath to Chandigarh
https://www.redbus.in/bus-tickets/shimla-to-chandigarh,Shimla to Chandigarh
https://www.redbus.in/bus-tickets/chandigarh-to-haridwar,Chandigarh to Haridwar
