hrtc_link,hrtc_route
https://www.redbus.in/bus-tickets/delhi-to-shimla,Delhi to Shimla
https://www.redbus.in/bus-tickets/hamirpur-himachal-pradesh-to-chandigarh,Hamirpur (Himachal Pradesh) to Chandigarh
https://www.redbus.in/bus-tickets/chandigarh-to-hamirpur-himachal-pradesh,Chandigarh to Hamirpur (Himachal Pradesh)
https://www.redbus.in/bus-tickets/shimla-to-delhi,Shimla to Delhi
https://www.redbus.in/bus-tickets/hamirpur-himachal-pradesh-to-delhi,Hamirpur (Himachal Pradesh) to Delhi
https://www.redbus.in/bus-tickets/delhi-to-hamirpur-himachal-pradesh,Delhi to Hamirpur (Himachal Pradesh)
https://www.redbus.in/bus-tickets/kangra-to-chandigarh,Kangra to Chandigarh
https://www.redbus.in/bus-tickets/chamba-himachal-pradesh-to-chandigarh,Chamba (Himachal Pradesh) to Chandigarh
https://www.redbus.in/bus-tickets/delhi-to-chandigarh,Delhi to Chandigarh
https://www.redbus.in/bus-tickets/palampur-to-chandigarh,Palampur to Chandigarh
https://www.redbus.in/bus-tickets/dharamshala-to-chandigarh,Dharamshala (Himachal Pradesh) to Chandigarh
https://www.redbus.in/bus-tickets/chandigarh-to-dharamshala,Chandigarh to Dharamshala (Himachal Pradesh)
https://www.redbus.in/bus-tickets/delhi-to-chamba-himachal-pradesh,Delhi to Chamba (Himachal Pradesh)
https://www.redbus.in/bus-tickets/chandigarh-to-palampur,Chandigarh to Palampur
https://www.redbus.in/bus-tickets/delhi-to-nalagarh,Delhi to Nalagarh
https://www.redbus.in/bus-tickets/shimla-to-chandigarh,Shimla to Chandigarh
https://www.redbus.in/bus-tickets/chandigarh-to-kangra,Chandigarh to Kangra
https://www.redbus.in/bus-tickets/ghumarwin-to-chandigarh,Ghumarwin to Chandigarh
https://www.redbus.in/bus-tickets/chamba-himachal-pradesh-to-delhi,Chamba (Himachal Pradesh) to Delhi
https://www.redbus.in/bus-tickets/chandigarh-to-kullu,Chandigarh to Kullu
https://www.redbus.in/bus-tickets/manali-to-chandigarh,Manali to Chandigarh
https://www.redbus.in/bus-tickets/delhi-to-solan,Delhi to Solan
https://www.redbus.in/bus-tickets/shimla-to-manali,Shimla to Manali
https://www.redbus.in/bus-tickets/chandigarh-to-manali,Chandigarh to Manali
https://www.redbus.in/bus-tickets/kullu-to-shimla,Kullu to Shimla
https://www.redbus.in/bus-tickets/jassur-to-chandigarh,Jassur to Chandigarh
https://www.redbus.in/bus-tickets/solan-to-delhi,Solan to Delhi
https://www.redbus.in/bus-tickets/sundernagar-himachal-pradesh-to-chandigarh,Sunder Nagar (Himachal Pradesh) to Chandigarh
https://www.redbus.in/bus-tickets/chandigarh-to-sarkaghat,Chandigarh to Sarkaghat
https://www.redbus.in/bus-tickets/delhi-to-bilaspur-himachal-pradesh,Delhi to Bilaspur (Himachal Pradesh)
https://www.redbus.in/bus-tickets/kangra-to-delhi,Kangra to Delhi
https://www.redbus.in/bus-tickets/palampur-to-delhi,Palampur to Delhi
https://www.redbus.in/bus-tickets/delhi-to-palampur,Delhi to Palampur
https://www.redbus.in/bus-tickets/delhi-to-sarkaghat,Delhi to Sarkaghat
https://www.redbus.in/bus-tickets/ghumarwin-to-delhi,Ghumarwin to Delhi
https://www.redbus.in/bus-tickets/manali-to-shimla,Manali to Shimla
https://www.redbus.in/bus-tickets/baddi-himachal-pradesh-to-delhi,Baddi (Himachal Pradesh) to Delhi
