kadamba_link,kadamba_route
https://www.redbus.in/bus-tickets/pune-to-goa,Pune to Goa
https://www.redbus.in/bus-tickets/goa-to-pune,Goa to Pune
https://www.redbus.in/bus-tickets/mumbai-to-goa,Mumbai to Goa
https://www.redbus.in/bus-tickets/goa-to-mumbai,Goa to Mumbai
https://www.redbus.in/bus-tickets/belagavi-to-goa,Belagavi to Goa
https://www.redbus.in/bus-tickets/bangalore-to-goa,Bangalore to Goa
https://www.redbus.in/bus-tickets/goa-to-bangalore,Goa to Bangalore
https://www.redbus.in/bus-tickets/pandharpur-to-goa,Pandharpur to Goa
https://www.redbus.in/bus-tickets/goa-to-belagavi,Goa to Belagavi
https://www.redbus.in/bus-tickets/goa-to-kolhapur-maharashtra,Goa to Kolhapur(Maharashtra)
https://www.redbus.in/bus-tickets/solapur-to-goa,Solapur to Goa
https://www.redbus.in/bus-tickets/goa-to-pandharpur,Goa to Pandharpur
https://www.redbus.in/bus-tickets/goa-to-solapur,Goa to Solapur
https://www.redbus.in/bus-tickets/calangute-goa-to-goa-airport,Calangute (goa) to Goa Airport
https://www.redbus.in/bus-tickets/goa-to-sangola,Goa to Sangola (Solapur)
https://www.redbus.in/bus-tickets/sangola-to-goa,Sangola (Solapur) to Goa
https://www.redbus.in/bus-tickets/calangute-goa-to-mopa-airport,Calangute (goa) to Mopa Airport
https://www.redbus.in/bus-tickets/goa-airport-to-calangute-goa,Goa Airport to Calangute (goa)
https://www.redbus.in/bus-tickets/mopa-airport-to-calangute-goa,Mopa Airport to Calangute (goa)
https://www.redbus.in/bus-tickets/shimoga-to-goa,Shivamogga to Goa
https://www.redbus.in/bus-tickets/marcel-to-belagavi,Marcel to Belagavi
https://www.redbus.in/bus-tickets/ponda-to-belagavi,Ponda to Belagavi
https://www.redbus.in/bus-tickets/belagavi-to-marcel,Belagavi to Marcel
https://www.redbus.in/bus-tickets/belagavi-to-ponda,Belagavi to Ponda
https://www.redbus.in/bus-tickets/panaji-to-goa-airport,Panaji to Goa Airport
https://www.redbus.in/bus-tickets/goa-to-sangli,Goa to Sangli
https://www.redbus.in/bus-tickets/goa-to-mopa-airport,Goa to Mopa Airport
https://www.redbus.in/bus-tickets/goa-to-miraj,Goa to Miraj
https://www.redbus.in/bus-tickets/margoa-to-mopa-airport,Margao to Mopa Airport
https://www.redbus.in/bus-tickets/mopa-airport-to-goa,Mopa Airport to Goa
https://www.redbus.in/bus-tickets/mopa-airport-to-margoa,Mopa Airport to Margao
https://www.redbus.in/bus-tickets/goa-airport-to-panaji,Goa Airport to Panaji
https://www.redbus.in/bus-tickets/shirdi-to-goa,Shirdi to Goa
https://www.redbus.in/bus-tickets/goa-to-shimoga,Goa to Shivamogga
https://www.redbus.in/bus-tickets/goa-to-satara,Goa to Satara
https://www.redbus.in/bus-tickets/panaji-to-mopa-airport,Panaji to Mopa Airport
https://www.redbus.in/bus-tickets/saquelim-to-belagavi,Saquelim to Belagavi
https://www.redbus.in/bus-tickets/goa-to-goa-airport,Goa to Goa Airport
https://www.redbus.in/bus-tickets/goa-to-shirdi,Goa to Shirdi
https://www.redbus.in/bus-tickets/goa-airport-to-goa,Goa Airport to Goa
https://www.redbus.in/bus-tickets/calangute-goa-to-goa,Calangute (goa) to Goa
https://www.redbus.in/bus-tickets/mopa-airport-to-panaji,Mopa Airport to Panaji
https://www.redbus.in/bus-tickets/goa-to-calangute-goa,Goa to Calangute (goa)
https://www.redbus.in/bus-tickets/belagavi-to-saquelim,Belagavi to Saquelim
https://www.redbus.in/bus-tickets/calangute-goa-to-panaji,Calangute (goa) to Panaji
