TSRTC_LINKS,TSRTC_routes
https://www.redbus.in/bus-tickets/khammam-to-hyderabad,Khammam to Hyderabad
https://www.redbus.in/bus-tickets/hyderabad-to-vijayawada,Hyderabad to Vijayawada
https://www.redbus.in/bus-tickets/hyderabad-to-khammam,Hyderabad to Khammam
https://www.redbus.in/bus-tickets/hyderabad-to-srisailam,Hyderabad to Srisailam
https://www.redbus.in/bus-tickets/karimnagar-to-hyderabad,Karimnagar to Hyderabad
https://www.redbus.in/bus-tickets/hyderabad-to-adilabad,Hyderabad to Adilabad
https://www.redbus.in/bus-tickets/kothagudem-to-hyderabad,Kothagudem to Hyderabad
https://www.redbus.in/bus-tickets/hyderabad-to-mancherial,Hyderabad to Mancherial
https://www.redbus.in/bus-tickets/guntur-to-hyderabad,Guntur (Andhra Pradesh) to Hyderabad
https://www.redbus.in/bus-tickets/godavarikhani-to-hyderabad,Godavarikhani to Hyderabad
https://www.redbus.in/bus-tickets/kodad-to-hyderabad,Kodad to Hyderabad
https://www.redbus.in/bus-tickets/hyderabad-to-ongole,Hyderabad to Ongole
https://www.redbus.in/bus-tickets/jagityal-to-hyderabad,Jagityal to Hyderabad
https://www.redbus.in/bus-tickets/hyderabad-to-nirmal,Hyderabad to Nirmal
https://www.redbus.in/bus-tickets/hyderabad-to-guntur,Hyderabad to Guntur (Andhra Pradesh)
https://www.redbus.in/bus-tickets/hyderabad-to-karimnagar,Hyderabad to Karimnagar
https://www.redbus.in/bus-tickets/hyderabad-to-kothagudem,Hyderabad to Kothagudem
https://www.redbus.in/bus-tickets/hyderabad-to-bhadrachalam,Hyderabad to Bhadrachalam
https://www.redbus.in/bus-tickets/hyderabad-to-sathupalli,Hyderabad to Sathupally
https://www.redbus.in/bus-tickets/hyderabad-to-warangal,Hyderabad to Warangal
https://www.redbus.in/bus-tickets/hyderabad-to-tirupathi,Hyderabad to Tirupati
https://www.redbus.in/bus-tickets/hyderabad-to-ananthapur,Hyderabad to Anantapur (andhra pradesh)
https://www.redbus.in/bus-tickets/hyderabad-to-armoor,Hyderabad to Armoor
https://www.redbus.in/bus-tickets/hyderabad-to-godavarikhani,Hyderabad to Godavarikhani
https://www.redbus.in/bus-tickets/peddapalli-telangana-to-hyderabad,Peddapalli (Telangana) to Hyderabad
https://www.redbus.in/bus-tickets/hyderabad-to-kodad,Hyderabad to Kodad
